best_epoch,best_test_mse,epochs,final_test_mse,final_train_mse,hidden,lag,learning_rate,loss_history_npz,model_type,num_hidden_layers,num_layers
176,60.86185213414634,600,61.634174923780485,50.825218200683594,32,16,0.02,outputs/neural_spectral_estimation/configuration_search/loss_histories/mlp_lag_16_hidden_32_layers_0_lr_0p02.npz,mlp,0,
37,63.898875762195125,600,127.11501524390243,9.471091270446777,32,16,0.02,outputs/neural_spectral_estimation/configuration_search/loss_histories/mlp_lag_16_hidden_32_layers_1_lr_0p02.npz,mlp,1,
600,107.98976753048781,600,107.98976753048781,116.82891082763672,32,16,1e-05,outputs/neural_spectral_estimation/configuration_search/loss_histories/mlp_lag_16_hidden_32_layers_1_lr_1em05.npz,mlp,1,
24,67.15486375762195,600,125.28186928353658,20.92049217224121,32,16,0.2,outputs/neural_spectral_estimation/configuration_search/loss_histories/mlp_lag_16_hidden_32_layers_4_lr_0p2.npz,mlp,4,
42,64.20730754573171,600,172.6903582317073,0.719028890132904,32,16,0.005,outputs/neural_spectral_estimation/configuration_search/loss_histories/mlp_lag_16_hidden_32_layers_4_lr_0p005.npz,mlp,4,
196,56.78392721036585,600,57.30090510670732,51.77473068237305,64,16,0.02,outputs/neural_spectral_estimation/configuration_search/loss_histories/mlp_lag_16_hidden_64_layers_0_lr_0p02.npz,mlp,0,
600,60.25720274390244,600,60.25720274390244,53.809078216552734,64,16,0.0003,outputs/neural_spectral_estimation/configuration_search/loss_histories/mlp_lag_16_hidden_64_layers_1_lr_0p0003.npz,mlp,1,
165,60.40793635670732,600,74.67911585365853,32.21129608154297,64,16,0.0005,outputs/neural_spectral_estimation/configuration_search/loss_histories/mlp_lag_16_hidden_64_layers_2_lr_0p0005.npz,mlp,2,
62,61.071827362804875,600,142.43009717987806,0.04279077425599098,64,16,0.002,outputs/neural_spectral_estimation/configuration_search/loss_histories/mlp_lag_16_hidden_64_layers_3_lr_0p002.npz,mlp,3,
41,57.0755859375,600,127.90597370426829,0.5415014624595642,64,16,0.1,outputs/neural_spectral_estimation/configuration_search/loss_histories/mlp_lag_16_hidden_64_layers_4_lr_0p1.npz,mlp,4,
201,53.584432164634144,600,54.30386337652439,52.91163635253906,128,16,0.02,outputs/neural_spectral_estimation/configuration_search/loss_histories/mlp_lag_16_hidden_128_layers_0_lr_0p02.npz,mlp,0,
53,57.62917301829268,600,110.36321455792682,0.8387717008590698,128,16,0.001,outputs/neural_spectral_estimation/configuration_search/loss_histories/mlp_lag_16_hidden_128_layers_3_lr_0p001.npz,mlp,3,
27,66.0242568597561,600,95.53088795731708,23.276447296142578,128,16,0.1,outputs/neural_spectral_estimation/configuration_search/loss_histories/mlp_lag_16_hidden_128_layers_4_lr_0p1.npz,mlp,4,
54,55.067978277439025,600,55.419936166158536,52.253334045410156,256,16,0.2,outputs/neural_spectral_estimation/configuration_search/loss_histories/mlp_lag_16_hidden_256_layers_0_lr_0p2.npz,mlp,0,
600,114.3198075457317,600,114.3198075457317,110.70161437988281,256,16,0.0001,outputs/neural_spectral_estimation/configuration_search/loss_histories/mlp_lag_16_hidden_256_layers_0_lr_0p0001.npz,mlp,0,
74,55.86946932164634,600,80.31743521341464,5.980422496795654,256,16,0.002,outputs/neural_spectral_estimation/configuration_search/loss_histories/mlp_lag_16_hidden_256_layers_1_lr_0p002.npz,mlp,1,
46,57.00292492378049,600,86.76516768292683,0.0011255770223215222,256,16,0.0007,outputs/neural_spectral_estimation/configuration_search/loss_histories/mlp_lag_16_hidden_256_layers_2_lr_0p0007.npz,mlp,2,
20,57.1093368902439,600,88.43749047256098,5.954226016998291,256,16,0.01,outputs/neural_spectral_estimation/configuration_search/loss_histories/mlp_lag_16_hidden_256_layers_3_lr_0p01.npz,mlp,3,
36,58.148604230182926,600,97.2153487042683,0.1631176471710205,256,16,0.0007,outputs/neural_spectral_estimation/configuration_search/loss_histories/mlp_lag_16_hidden_256_layers_4_lr_0p0007.npz,mlp,4,
15,56.75523056402439,600,102.05693597560976,0.004239968024194241,512,16,0.05,outputs/neural_spectral_estimation/configuration_search/loss_histories/mlp_lag_16_hidden_512_layers_2_lr_0p05.npz,mlp,2,
600,85.91063262195122,600,85.91063262195122,76.54889678955078,512,16,1e-05,outputs/neural_spectral_estimation/configuration_search/loss_histories/mlp_lag_16_hidden_512_layers_2_lr_1em05.npz,mlp,2,
26,59.74432641006098,600,97.84201600609757,0.34193646907806396,512,16,0.02,outputs/neural_spectral_estimation/configuration_search/loss_histories/mlp_lag_16_hidden_512_layers_3_lr_0p02.npz,mlp,3,
4,56.544383574695125,600,102.1015625,0.021869612857699394,512,16,0.003,outputs/neural_spectral_estimation/configuration_search/loss_histories/mlp_lag_16_hidden_512_layers_3_lr_0p003.npz,mlp,3,
247,55.95682164634146,600,65.07585270579268,32.12405776977539,512,16,3e-05,outputs/neural_spectral_estimation/configuration_search/loss_histories/mlp_lag_16_hidden_512_layers_3_lr_3em05.npz,mlp,3,
91,39.80553782393293,600,39.95452553353658,35.943721771240234,32,32,0.05,outputs/neural_spectral_estimation/configuration_search/loss_histories/mlp_lag_32_hidden_32_layers_0_lr_0p05.npz,mlp,0,
600,121.27090320121951,600,121.27090320121951,115.33600616455078,32,32,0.0005,outputs/neural_spectral_estimation/configuration_search/loss_histories/mlp_lag_32_hidden_32_layers_0_lr_0p0005.npz,mlp,0,
22,46.5542587652439,600,92.43188833841464,1.148937702178955,32,32,0.2,outputs/neural_spectral_estimation/configuration_search/loss_histories/mlp_lag_32_hidden_32_layers_2_lr_0p2.npz,mlp,2,
7,45.57253239329268,600,98.44158727134146,0.0014586749020963907,32,32,0.05,outputs/neural_spectral_estimation/configuration_search/loss_histories/mlp_lag_32_hidden_32_layers_3_lr_0p05.npz,mlp,3,
22,42.50900342987805,600,108.0225038109756,1.2990936040878296,32,32,0.01,outputs/neural_spectral_estimation/configuration_search/loss_histories/mlp_lag_32_hidden_32_layers_3_lr_0p01.npz,mlp,3,
11,46.455454458841466,600,80.3654725609756,8.499102114001289e-05,32,32,0.02,outputs/neural_spectral_estimation/configuration_search/loss_histories/mlp_lag_32_hidden_32_layers_4_lr_0p02.npz,mlp,4,
56,41.428606135670734,600,80.68475609756098,7.503204687964171e-05,64,32,0.003,outputs/neural_spectral_estimation/configuration_search/loss_histories/mlp_lag_32_hidden_64_layers_2_lr_0p003.npz,mlp,2,
118,41.200242949695124,600,73.46693502286585,0.35546737909317017,64,32,0.001,outputs/neural_spectral_estimation/configuration_search/loss_histories/mlp_lag_32_hidden_64_layers_2_lr_0p001.npz,mlp,2,
600,154.4764767530488,600,154.4764767530488,140.91172790527344,64,32,1e-05,outputs/neural_spectral_estimation/configuration_search/loss_histories/mlp_lag_32_hidden_64_layers_2_lr_1em05.npz,mlp,2,
42,42.1883574695122,600,85.21199504573171,4.929063288727775e-05,64,32,0.003,outputs/neural_spectral_estimation/configuration_search/loss_histories/mlp_lag_32_hidden_64_layers_4_lr_0p003.npz,mlp,4,
43,39.989119664634146,600,93.56623475609756,0.01267512608319521,128,32,0.005,outputs/neural_spectral_estimation/configuration_search/loss_histories/mlp_lag_32_hidden_128_layers_1_lr_0p005.npz,mlp,1,
95,39.545243426067074,600,66.37006478658536,4.003559589385986,128,32,0.002,outputs/neural_spectral_estimation/configuration_search/loss_histories/mlp_lag_32_hidden_128_layers_1_lr_0p002.npz,mlp,1,
600,39.74293302210366,600,39.74293302210366,31.9097900390625,128,32,0.0003,outputs/neural_spectral_estimation/configuration_search/loss_histories/mlp_lag_32_hidden_128_layers_1_lr_0p0003.npz,mlp,1,
35,42.52434737042683,600,63.60541634908537,0.8937855958938599,128,32,0.1,outputs/neural_spectral_estimation/configuration_search/loss_histories/mlp_lag_32_hidden_128_layers_2_lr_0p1.npz,mlp,2,
22,50.15460175304878,600,80.43978658536585,0.0003733985940925777,256,32,0.1,outputs/neural_spectral_estimation/configuration_search/loss_histories/mlp_lag_32_hidden_256_layers_1_lr_0p1.npz,mlp,1,
13,44.248790015243905,600,84.44128239329268,0.04935918375849724,256,32,0.02,outputs/neural_spectral_estimation/configuration_search/loss_histories/mlp_lag_32_hidden_256_layers_1_lr_0p02.npz,mlp,1,
600,79.9885956554878,600,79.9885956554878,64.2753677368164,256,32,0.0001,outputs/neural_spectral_estimation/configuration_search/loss_histories/mlp_lag_32_hidden_256_layers_1_lr_0p0001.npz,mlp,1,
57,59.4453125,600,78.01655392530488,7.0482916831970215,256,32,0.05,outputs/neural_spectral_estimation/configuration_search/loss_histories/mlp_lag_32_hidden_256_layers_4_lr_0p05.npz,mlp,4,
600,94.6056592987805,600,94.6056592987805,100.07306671142578,512,32,0.001,outputs/neural_spectral_estimation/configuration_search/loss_histories/mlp_lag_32_hidden_512_layers_0_lr_0p001.npz,mlp,0,
600,136.38801448170733,600,136.38801448170733,147.560546875,512,32,3e-05,outputs/neural_spectral_estimation/configuration_search/loss_histories/mlp_lag_32_hidden_512_layers_0_lr_3em05.npz,mlp,0,
30,38.492294683689025,600,68.45770769817074,1.4450134882063037e-12,512,32,0.005,outputs/neural_spectral_estimation/configuration_search/loss_histories/mlp_lag_32_hidden_512_layers_1_lr_0p005.npz,mlp,1,
84,41.43155487804878,600,70.4919921875,0.003321414813399315,512,32,0.1,outputs/neural_spectral_estimation/configuration_search/loss_histories/mlp_lag_32_hidden_512_layers_2_lr_0p1.npz,mlp,2,
44,40.70538300304878,600,58.69497903963415,2.43389204115374e-05,512,32,0.05,outputs/neural_spectral_estimation/configuration_search/loss_histories/mlp_lag_32_hidden_512_layers_2_lr_0p05.npz,mlp,2,
32,38.92342320884146,600,60.827500952743904,0.00243375007994473,512,32,0.0007,outputs/neural_spectral_estimation/configuration_search/loss_histories/mlp_lag_32_hidden_512_layers_3_lr_0p0007.npz,mlp,3,
20,14.279710127667682,600,26.478868140243904,0.006459118332713842,32,48,0.1,outputs/neural_spectral_estimation/configuration_search/loss_histories/mlp_lag_48_hidden_32_layers_1_lr_0p1.npz,mlp,1,
27,14.522377572408537,600,25.007331364329268,0.00032986525911837816,32,48,0.05,outputs/neural_spectral_estimation/configuration_search/loss_histories/mlp_lag_48_hidden_32_layers_2_lr_0p05.npz,mlp,2,
295,14.599564119664635,600,16.727106754954267,2.1830081939697266,32,48,0.0007,outputs/neural_spectral_estimation/configuration_search/loss_histories/mlp_lag_48_hidden_32_layers_2_lr_0p0007.npz,mlp,2,
600,65.64805640243902,600,65.64805640243902,66.66458129882812,64,48,0.001,outputs/neural_spectral_estimation/configuration_search/loss_histories/mlp_lag_48_hidden_64_layers_0_lr_0p001.npz,mlp,0,
600,111.89045350609756,600,111.89045350609756,116.27102661132812,64,48,1e-05,outputs/neural_spectral_estimation/configuration_search/loss_histories/mlp_lag_48_hidden_64_layers_3_lr_1em05.npz,mlp,3,
600,12.284227324695122,600,12.284227324695122,10.732460021972656,128,48,0.02,outputs/neural_spectral_estimation/configuration_search/loss_histories/mlp_lag_48_hidden_128_layers_0_lr_0p02.npz,mlp,0,
600,98.64053925304879,600,98.64053925304879,98.12956237792969,128,48,0.0003,outputs/neural_spectral_estimation/configuration_search/loss_histories/mlp_lag_48_hidden_128_layers_0_lr_0p0003.npz,mlp,0,
21,14.725229849466464,600,19.702737947789632,0.00040384478052146733,128,48,0.1,outputs/neural_spectral_estimation/configuration_search/loss_histories/mlp_lag_48_hidden_128_layers_1_lr_0p1.npz,mlp,1,
439,13.706838319359756,600,14.08160966082317,2.558349370956421,128,48,0.0007,outputs/neural_spectral_estimation/configuration_search/loss_histories/mlp_lag_48_hidden_128_layers_1_lr_0p0007.npz,mlp,1,
600,107.13014481707317,600,107.13014481707317,107.09468841552734,128,48,3e-05,outputs/neural_spectral_estimation/configuration_search/loss_histories/mlp_lag_48_hidden_128_layers_1_lr_3em05.npz,mlp,1,
62,14.2552734375,600,18.2944931402439,1.0548702753312988e-12,128,48,0.002,outputs/neural_spectral_estimation/configuration_search/loss_histories/mlp_lag_48_hidden_128_layers_2_lr_0p002.npz,mlp,2,
155,15.65112900152439,600,20.24331650152439,0.002484526950865984,128,48,0.0003,outputs/neural_spectral_estimation/configuration_search/loss_histories/mlp_lag_48_hidden_128_layers_3_lr_0p0003.npz,mlp,3,
118,11.827965415396342,600,11.853367949695121,10.789817810058594,256,48,0.05,outputs/neural_spectral_estimation/configuration_search/loss_histories/mlp_lag_48_hidden_256_layers_0_lr_0p05.npz,mlp,0,
597,11.853377477134146,600,11.853377477134146,10.78981876373291,256,48,0.02,outputs/neural_spectral_estimation/configuration_search/loss_histories/mlp_lag_48_hidden_256_layers_0_lr_0p02.npz,mlp,0,
39,12.557499285442074,600,18.23555878429878,1.2818307613265967e-12,256,48,0.005,outputs/neural_spectral_estimation/configuration_search/loss_histories/mlp_lag_48_hidden_256_layers_1_lr_0p005.npz,mlp,1,
60,12.506846655868902,600,18.39685237233232,1.7501870388514362e-06,256,48,0.003,outputs/neural_spectral_estimation/configuration_search/loss_histories/mlp_lag_48_hidden_256_layers_1_lr_0p003.npz,mlp,1,
52,14.807704125381097,600,18.879747046493904,2.7272457838074804e-13,256,48,0.003,outputs/neural_spectral_estimation/configuration_search/loss_histories/mlp_lag_48_hidden_256_layers_4_lr_0p003.npz,mlp,4,
25,14.230385384908537,600,19.823098084984757,3.0025857017737523e-13,256,48,0.002,outputs/neural_spectral_estimation/configuration_search/loss_histories/mlp_lag_48_hidden_256_layers_4_lr_0p002.npz,mlp,4,
77,18.25287490472561,600,20.75805068597561,7.385263733027114e-13,512,48,0.2,outputs/neural_spectral_estimation/configuration_search/loss_histories/mlp_lag_48_hidden_512_layers_1_lr_0p2.npz,mlp,1,
270,11.703196455792684,600,13.378366758765244,0.8251969218254089,512,48,0.0005,outputs/neural_spectral_estimation/configuration_search/loss_histories/mlp_lag_48_hidden_512_layers_1_lr_0p0005.npz,mlp,1,
34,12.848574456935976,600,16.022244188262196,2.6684627814702044e-13,512,48,0.01,outputs/neural_spectral_estimation/configuration_search/loss_histories/mlp_lag_48_hidden_512_layers_2_lr_0p01.npz,mlp,2,
45,11.584891863567073,600,15.602889195884146,1.2076674296007672e-12,512,48,0.0007,outputs/neural_spectral_estimation/configuration_search/loss_histories/mlp_lag_48_hidden_512_layers_2_lr_0p0007.npz,mlp,2,
39,12.461444836128049,600,15.540201028963414,0.014909670688211918,512,48,0.001,outputs/neural_spectral_estimation/configuration_search/loss_histories/mlp_lag_48_hidden_512_layers_3_lr_0p001.npz,mlp,3,
80,12.906521532012196,600,17.32381026105183,0.004126057028770447,512,48,0.0001,outputs/neural_spectral_estimation/configuration_search/loss_histories/mlp_lag_48_hidden_512_layers_4_lr_0p0001.npz,mlp,4,
275,6.0623755478277435,600,6.075702648628049,5.664271354675293,32,64,0.02,outputs/neural_spectral_estimation/configuration_search/loss_histories/mlp_lag_64_hidden_32_layers_0_lr_0p02.npz,mlp,0,
41,8.076285013338415,600,13.848994855182926,3.2149803652625764e-12,32,64,0.01,outputs/neural_spectral_estimation/configuration_search/loss_histories/mlp_lag_64_hidden_32_layers_2_lr_0p01.npz,mlp,2,
600,82.95229611280487,600,82.95229611280487,78.26699829101562,32,64,1e-05,outputs/neural_spectral_estimation/configuration_search/loss_histories/mlp_lag_64_hidden_32_layers_2_lr_1em05.npz,mlp,2,
131,8.732969702743903,600,13.332820836509146,0.0014911284670233727,32,64,0.001,outputs/neural_spectral_estimation/configuration_search/loss_histories/mlp_lag_64_hidden_32_layers_4_lr_0p001.npz,mlp,4,
61,7.534682259908537,600,7.568061642530488,5.320802211761475,64,64,0.2,outputs/neural_spectral_estimation/configuration_search/loss_histories/mlp_lag_64_hidden_64_layers_0_lr_0p2.npz,mlp,0,
132,7.562288014481707,600,7.568062833460366,5.320802211761475,64,64,0.05,outputs/neural_spectral_estimation/configuration_search/loss_histories/mlp_lag_64_hidden_64_layers_0_lr_0p05.npz,mlp,0,
600,10.41483779535061,600,10.41483779535061,7.256836414337158,64,64,0.005,outputs/neural_spectral_estimation/configuration_search/loss_histories/mlp_lag_64_hidden_64_layers_0_lr_0p005.npz,mlp,0,
600,18.29803496570122,600,18.29803496570122,14.034095764160156,64,64,0.003,outputs/neural_spectral_estimation/configuration_search/loss_histories/mlp_lag_64_hidden_64_layers_0_lr_0p003.npz,mlp,0,
600,64.65397770579268,600,64.65397770579268,73.61290740966797,64,64,3e-05,outputs/neural_spectral_estimation/configuration_search/loss_histories/mlp_lag_64_hidden_64_layers_2_lr_3em05.npz,mlp,2,
600,69.51211890243903,600,69.51211890243903,81.30772399902344,64,64,1e-05,outputs/neural_spectral_estimation/configuration_search/loss_histories/mlp_lag_64_hidden_64_layers_4_lr_1em05.npz,mlp,4,
600,71.44569359756098,600,71.44569359756098,64.57489013671875,128,64,0.0003,outputs/neural_spectral_estimation/configuration_search/loss_histories/mlp_lag_64_hidden_128_layers_0_lr_0p0003.npz,mlp,0,
33,7.99190048589939,600,9.849300328696646,2.394776542867516e-13,128,64,0.02,outputs/neural_spectral_estimation/configuration_search/loss_histories/mlp_lag_64_hidden_128_layers_1_lr_0p02.npz,mlp,1,
47,82.02701028963415,600,82.4189024390244,78.83211517333984,128,64,0.2,outputs/neural_spectral_estimation/configuration_search/loss_histories/mlp_lag_64_hidden_128_layers_4_lr_0p2.npz,mlp,4,
78,8.763258026867378,600,9.94150390625,3.0950555895969956e-08,128,64,0.001,outputs/neural_spectral_estimation/configuration_search/loss_histories/mlp_lag_64_hidden_128_layers_4_lr_0p001.npz,mlp,4,
336,11.00701934070122,600,11.483379382621951,9.61959787000588e-13,256,64,0.1,outputs/neural_spectral_estimation/configuration_search/loss_histories/mlp_lag_64_hidden_256_layers_1_lr_0p1.npz,mlp,1,
244,9.227486661585365,600,10.322965891768293,0.04860007390379906,256,64,0.0007,outputs/neural_spectral_estimation/configuration_search/loss_histories/mlp_lag_64_hidden_256_layers_1_lr_0p0007.npz,mlp,1,
600,30.910030011432926,600,30.910030011432926,17.5542049407959,256,64,0.0001,outputs/neural_spectral_estimation/configuration_search/loss_histories/mlp_lag_64_hidden_256_layers_1_lr_0p0001.npz,mlp,1,
16,9.708170374428354,600,11.926841177591463,2.1258617425006648e-13,256,64,0.002,outputs/neural_spectral_estimation/configuration_search/loss_histories/mlp_lag_64_hidden_256_layers_3_lr_0p002.npz,mlp,3,
45,9.097254311166159,600,12.025652629573171,3.8698485063139165e-13,256,64,0.0005,outputs/neural_spectral_estimation/configuration_search/loss_histories/mlp_lag_64_hidden_256_layers_3_lr_0p0005.npz,mlp,3,
600,68.96006573932927,600,68.96006573932927,52.403682708740234,256,64,1e-05,outputs/neural_spectral_estimation/configuration_search/loss_histories/mlp_lag_64_hidden_256_layers_3_lr_1em05.npz,mlp,3,
51,10.03600419207317,600,12.770551876905488,4.534585968940519e-06,256,64,0.0003,outputs/neural_spectral_estimation/configuration_search/loss_histories/mlp_lag_64_hidden_256_layers_4_lr_0p0003.npz,mlp,4,
600,71.0880811737805,600,71.0880811737805,56.295101165771484,512,64,3e-05,outputs/neural_spectral_estimation/configuration_search/loss_histories/mlp_lag_64_hidden_512_layers_1_lr_3em05.npz,mlp,1,
37,7.603147627667683,600,8.951551781631098,2.3846327473417417e-13,512,64,0.02,outputs/neural_spectral_estimation/configuration_search/loss_histories/mlp_lag_64_hidden_512_layers_2_lr_0p02.npz,mlp,2,
42,8.651819740853659,600,10.240586890243902,7.65095592214493e-06,512,64,0.0003,outputs/neural_spectral_estimation/configuration_search/loss_histories/mlp_lag_64_hidden_512_layers_3_lr_0p0003.npz,mlp,3,
600,81.16831173780488,600,81.16831173780488,70.91142272949219,32,80,0.001,outputs/neural_spectral_estimation/configuration_search/loss_histories/mlp_lag_80_hidden_32_layers_0_lr_0p001.npz,mlp,0,
600,172.3545731707317,600,172.3545731707317,152.4291534423828,32,80,0.0001,outputs/neural_spectral_estimation/configuration_search/loss_histories/mlp_lag_80_hidden_32_layers_0_lr_0p0001.npz,mlp,0,
56,7.503850276295732,600,13.251780440167684,4.3811535732629636e-08,32,80,0.02,outputs/neural_spectral_estimation/configuration_search/loss_histories/mlp_lag_80_hidden_32_layers_2_lr_0p02.npz,mlp,2,
426,9.237626238567072,600,9.864983088795732,1.0844776630401611,32,80,0.0007,outputs/neural_spectral_estimation/configuration_search/loss_histories/mlp_lag_80_hidden_32_layers_2_lr_0p0007.npz,mlp,2,
600,181.02614329268292,600,181.02614329268292,159.21478271484375,32,80,3e-05,outputs/neural_spectral_estimation/configuration_search/loss_histories/mlp_lag_80_hidden_32_layers_3_lr_3em05.npz,mlp,3,
217,7.374839224466464,600,9.19793730945122,0.14405591785907745,64,80,0.003,outputs/neural_spectral_estimation/configuration_search/loss_histories/mlp_lag_80_hidden_64_layers_1_lr_0p003.npz,mlp,1,
600,10.631938357469512,600,10.631938357469512,4.219423770904541,64,80,0.0005,outputs/neural_spectral_estimation/configuration_search/loss_histories/mlp_lag_80_hidden_64_layers_1_lr_0p0005.npz,mlp,1,
62,8.13043302210366,600,10.832076505335365,1.0354707091764226e-09,64,80,0.01,outputs/neural_spectral_estimation/configuration_search/loss_histories/mlp_lag_80_hidden_64_layers_2_lr_0p01.npz,mlp,2,
57,7.305063833841463,600,8.833120950838415,0.05607857555150986,64,80,0.05,outputs/neural_spectral_estimation/configuration_search/loss_histories/mlp_lag_80_hidden_64_layers_3_lr_0p05.npz,mlp,3,
196,10.356133288871952,600,12.237021246189025,0.005398474633693695,64,80,0.0007,outputs/neural_spectral_estimation/configuration_search/loss_histories/mlp_lag_80_hidden_64_layers_3_lr_0p0007.npz,mlp,3,
386,10.970607850609756,600,11.45798280297256,0.31007668375968933,64,80,0.0003,outputs/neural_spectral_estimation/configuration_search/loss_histories/mlp_lag_80_hidden_64_layers_3_lr_0p0003.npz,mlp,3,
600,190.8109756097561,600,190.8109756097561,164.4962921142578,64,80,1e-05,outputs/neural_spectral_estimation/configuration_search/loss_histories/mlp_lag_80_hidden_64_layers_3_lr_1em05.npz,mlp,3,
144,10.963748094512194,600,14.032638624237805,0.00033773714676499367,64,80,0.0007,outputs/neural_spectral_estimation/configuration_search/loss_histories/mlp_lag_80_hidden_64_layers_4_lr_0p0007.npz,mlp,4,
600,140.9713700457317,600,140.9713700457317,130.53756713867188,128,80,0.0003,outputs/neural_spectral_estimation/configuration_search/loss_histories/mlp_lag_80_hidden_128_layers_0_lr_0p0003.npz,mlp,0,
29,6.656977062690549,600,8.43518006859756,0.004191136918962002,128,80,0.05,outputs/neural_spectral_estimation/configuration_search/loss_histories/mlp_lag_80_hidden_128_layers_3_lr_0p05.npz,mlp,3,
31,7.540270102896342,600,8.129685713605182,0.34824272990226746,128,80,0.05,outputs/neural_spectral_estimation/configuration_search/loss_histories/mlp_lag_80_hidden_128_layers_4_lr_0p05.npz,mlp,4,
111,4.921180092416159,600,4.934595024294969,4.63120174407959,256,80,0.1,outputs/neural_spectral_estimation/configuration_search/loss_histories/mlp_lag_80_hidden_256_layers_0_lr_0p1.npz,mlp,0,
460,19.731990758384146,600,19.891471751143293,4.4120255893176363e-07,256,80,0.2,outputs/neural_spectral_estimation/configuration_search/loss_histories/mlp_lag_80_hidden_256_layers_1_lr_0p2.npz,mlp,1,
45,6.843938166920732,600,8.42718416539634,2.279046363521525e-13,256,80,0.002,outputs/neural_spectral_estimation/configuration_search/loss_histories/mlp_lag_80_hidden_256_layers_2_lr_0p002.npz,mlp,2,
42,94.60242949695122,600,163.24161585365854,173.21429443359375,256,80,0.1,outputs/neural_spectral_estimation/configuration_search/loss_histories/mlp_lag_80_hidden_256_layers_3_lr_0p1.npz,mlp,3,
567,9.72172256097561,600,9.737071860708841,2.1047768592834473,256,80,3e-05,outputs/neural_spectral_estimation/configuration_search/loss_histories/mlp_lag_80_hidden_256_layers_4_lr_3em05.npz,mlp,4,
300,20.835075266768293,600,23.45941787347561,2.386507987976074,512,80,0.05,outputs/neural_spectral_estimation/configuration_search/loss_histories/mlp_lag_80_hidden_512_layers_4_lr_0p05.npz,mlp,4,
36,7.129125381097561,600,8.304273056402439,2.5000392923392456e-13,512,80,0.005,outputs/neural_spectral_estimation/configuration_search/loss_histories/mlp_lag_80_hidden_512_layers_4_lr_0p005.npz,mlp,4,
40,9.240012862042683,600,10.821131859756097,1.8938024481940374e-09,512,80,0.0007,outputs/neural_spectral_estimation/configuration_search/loss_histories/mlp_lag_80_hidden_512_layers_4_lr_0p0007.npz,mlp,4,
600,45.45465891768293,600,45.45465891768293,46.950462341308594,32,96,0.001,outputs/neural_spectral_estimation/configuration_search/loss_histories/mlp_lag_96_hidden_32_layers_0_lr_0p001.npz,mlp,0,
600,58.86453887195122,600,58.86453887195122,65.62168884277344,32,96,0.0005,outputs/neural_spectral_estimation/configuration_search/loss_histories/mlp_lag_96_hidden_32_layers_0_lr_0p0005.npz,mlp,0,
137,5.126839986661586,600,5.600120283917683,1.6588558082730742e-07,32,96,0.003,outputs/neural_spectral_estimation/configuration_search/loss_histories/mlp_lag_96_hidden_32_layers_2_lr_0p003.npz,mlp,2,
59,4.060784465510671,600,4.7348218964367375,3.92539489411578e-13,32,96,0.05,outputs/neural_spectral_estimation/configuration_search/loss_histories/mlp_lag_96_hidden_32_layers_3_lr_0p05.npz,mlp,3,
42,3.564424542682927,600,4.39157089605564,4.196527836602265e-13,32,96,0.02,outputs/neural_spectral_estimation/configuration_search/loss_histories/mlp_lag_96_hidden_32_layers_3_lr_0p02.npz,mlp,3,
194,6.254228396532012,600,6.368510027629573,4.793735570274293e-06,32,96,0.001,outputs/neural_spectral_estimation/configuration_search/loss_histories/mlp_lag_96_hidden_32_layers_4_lr_0p001.npz,mlp,4,
600,79.31420064786586,600,79.31420064786586,70.86406707763672,64,96,0.0003,outputs/neural_spectral_estimation/configuration_search/loss_histories/mlp_lag_96_hidden_64_layers_0_lr_0p0003.npz,mlp,0,
117,4.895254739900914,600,5.010696336699695,7.2688816771249165e-12,64,96,0.005,outputs/neural_spectral_estimation/configuration_search/loss_histories/mlp_lag_96_hidden_64_layers_1_lr_0p005.npz,mlp,1,
209,5.3131591796875,600,5.407641006097561,7.979049314599251e-07,64,96,0.003,outputs/neural_spectral_estimation/configuration_search/loss_histories/mlp_lag_96_hidden_64_layers_1_lr_0p003.npz,mlp,1,
600,13.63010194359756,600,13.63010194359756,4.936333179473877,64,96,0.0003,outputs/neural_spectral_estimation/configuration_search/loss_histories/mlp_lag_96_hidden_64_layers_1_lr_0p0003.npz,mlp,1,
52,5.249240186737805,600,5.9768906011814025,5.5152241884570685e-08,64,96,0.05,outputs/neural_spectral_estimation/configuration_search/loss_histories/mlp_lag_96_hidden_64_layers_3_lr_0p05.npz,mlp,3,
84,6.854370712652439,600,7.105678353658536,4.751322002505276e-09,64,96,0.002,outputs/neural_spectral_estimation/configuration_search/loss_histories/mlp_lag_96_hidden_64_layers_4_lr_0p002.npz,mlp,4,
600,22.084891863567073,600,22.084891863567073,13.512246131896973,128,96,3e-05,outputs/neural_spectral_estimation/configuration_search/loss_histories/mlp_lag_96_hidden_128_layers_3_lr_3em05.npz,mlp,3,
327,8.090225443025915,600,8.281913347942073,0.001746721682138741,128,96,0.0001,outputs/neural_spectral_estimation/configuration_search/loss_histories/mlp_lag_96_hidden_128_layers_4_lr_0p0001.npz,mlp,4,
67,2.244373749523628,600,2.2720621248570882,1.5316613912582397,256,96,0.2,outputs/neural_spectral_estimation/configuration_search/loss_histories/mlp_lag_96_hidden_256_layers_0_lr_0p2.npz,mlp,0,
600,5.949105611661586,600,5.949105611661586,0.0001370062818750739,256,96,0.0007,outputs/neural_spectral_estimation/configuration_search/loss_histories/mlp_lag_96_hidden_256_layers_1_lr_0p0007.npz,mlp,1,
588,24.846205697408536,600,26.560451600609756,16.32133674621582,256,96,0.1,outputs/neural_spectral_estimation/configuration_search/loss_histories/mlp_lag_96_hidden_256_layers_3_lr_0p1.npz,mlp,3,
122,6.2983374618902435,600,6.30119033441311,1.42636512952439e-13,256,96,0.003,outputs/neural_spectral_estimation/configuration_search/loss_histories/mlp_lag_96_hidden_256_layers_4_lr_0p003.npz,mlp,4,
600,36.55359660823171,600,36.55359660823171,31.715497970581055,256,96,1e-05,outputs/neural_spectral_estimation/configuration_search/loss_histories/mlp_lag_96_hidden_256_layers_4_lr_1em05.npz,mlp,4,
599,165.36501524390243,600,165.37111280487804,91.96411895751953,512,96,0.2,outputs/neural_spectral_estimation/configuration_search/loss_histories/mlp_lag_96_hidden_512_layers_3_lr_0p2.npz,mlp,3,
42,5.674669516958842,600,6.118427258003049,0.0006370401824824512,512,96,0.0005,outputs/neural_spectral_estimation/configuration_search/loss_histories/mlp_lag_96_hidden_512_layers_3_lr_0p0005.npz,mlp,3,
591,6.638390220083841,600,6.638428925304878,0.04170391708612442,512,96,3e-05,outputs/neural_spectral_estimation/configuration_search/loss_histories/mlp_lag_96_hidden_512_layers_3_lr_3em05.npz,mlp,3,
43,3.6630585461128047,600,3.7857415920350608,2.0162859470929106e-07,512,96,0.01,outputs/neural_spectral_estimation/configuration_search/loss_histories/mlp_lag_96_hidden_512_layers_4_lr_0p01.npz,mlp,4,
79,6.244612233231707,600,6.4360172923018295,2.768873455169518e-13,512,96,0.0007,outputs/neural_spectral_estimation/configuration_search/loss_histories/mlp_lag_96_hidden_512_layers_4_lr_0p0007.npz,mlp,4,
600,113.08435594512196,600,113.08435594512196,110.88245391845703,32,112,0.0001,outputs/neural_spectral_estimation/configuration_search/loss_histories/mlp_lag_112_hidden_32_layers_1_lr_0p0001.npz,mlp,1,
600,4.281309248761433,600,4.281309248761433,0.08649488538503647,32,112,0.0007,outputs/neural_spectral_estimation/configuration_search/loss_histories/mlp_lag_112_hidden_32_layers_2_lr_0p0007.npz,mlp,2,
116,7.0803639481707314,600,8.504467177972561,1.0947291851043701,32,112,0.2,outputs/neural_spectral_estimation/configuration_search/loss_histories/mlp_lag_112_hidden_32_layers_3_lr_0p2.npz,mlp,3,
169,3.6336979563643292,600,3.98879989996189,8.257437002612278e-05,32,112,0.002,outputs/neural_spectral_estimation/configuration_search/loss_histories/mlp_lag_112_hidden_32_layers_3_lr_0p002.npz,mlp,3,
600,69.21626810213415,600,69.21626810213415,67.55526733398438,64,112,0.001,outputs/neural_spectral_estimation/configuration_search/loss_histories/mlp_lag_112_hidden_64_layers_0_lr_0p001.npz,mlp,0,
149,3.009488733803354,600,3.367078827648628,0.00024191041302401572,64,112,0.005,outputs/neural_spectral_estimation/configuration_search/loss_histories/mlp_lag_112_hidden_64_layers_1_lr_0p005.npz,mlp,1,
57,2.9510831507240853,600,3.3276504144435974,0.0010631504701450467,64,112,0.1,outputs/neural_spectral_estimation/configuration_search/loss_histories/mlp_lag_112_hidden_64_layers_2_lr_0p1.npz,mlp,2,
600,115.62557164634147,600,115.62557164634147,116.84060668945312,64,112,3e-05,outputs/neural_spectral_estimation/configuration_search/loss_histories/mlp_lag_112_hidden_64_layers_3_lr_3em05.npz,mlp,3,
76,3.2586178663300305,600,3.7704098585175303,1.6798819280072763e-12,64,112,0.01,outputs/neural_spectral_estimation/configuration_search/loss_histories/mlp_lag_112_hidden_64_layers_4_lr_0p01.npz,mlp,4,
600,6.898305306783537,600,6.898305306783537,4.005106802651426e-06,128,112,0.0005,outputs/neural_spectral_estimation/configuration_search/loss_histories/mlp_lag_112_hidden_128_layers_2_lr_0p0005.npz,mlp,2,
600,7.3101610137195125,600,7.3101610137195125,0.0016958029009401798,128,112,0.0003,outputs/neural_spectral_estimation/configuration_search/loss_histories/mlp_lag_112_hidden_128_layers_2_lr_0p0003.npz,mlp,2,
600,167.43365091463414,600,167.43365091463414,140.01986694335938,128,112,1e-05,outputs/neural_spectral_estimation/configuration_search/loss_histories/mlp_lag_112_hidden_128_layers_2_lr_1em05.npz,mlp,2,
109,1.3204813143102134,600,1.327293135480183,1.0082690715789795,256,112,0.2,outputs/neural_spectral_estimation/configuration_search/loss_histories/mlp_lag_112_hidden_256_layers_0_lr_0p2.npz,mlp,0,
122,1.324695419683689,600,1.327293730945122,1.0082690715789795,256,112,0.1,outputs/neural_spectral_estimation/configuration_search/loss_histories/mlp_lag_112_hidden_256_layers_0_lr_0p1.npz,mlp,0,
211,1.327260831507241,600,1.327293135480183,1.00826895236969,256,112,0.05,outputs/neural_spectral_estimation/configuration_search/loss_histories/mlp_lag_112_hidden_256_layers_0_lr_0p05.npz,mlp,0,
600,158.95158155487806,600,158.95158155487806,147.01939392089844,256,112,1e-05,outputs/neural_spectral_estimation/configuration_search/loss_histories/mlp_lag_112_hidden_256_layers_0_lr_1em05.npz,mlp,0,
74,2.5857969702743904,600,2.7460005597370425,7.99237900254296e-13,256,112,0.01,outputs/neural_spectral_estimation/configuration_search/loss_histories/mlp_lag_112_hidden_256_layers_4_lr_0p01.npz,mlp,4,
123,6.5591796875,600,6.570263671875,2.16155909902975e-13,256,112,0.003,outputs/neural_spectral_estimation/configuration_search/loss_histories/mlp_lag_112_hidden_256_layers_4_lr_0p003.npz,mlp,4,
600,1.3333467809165396,600,1.3333467809165396,1.1228950023651123,512,112,0.01,outputs/neural_spectral_estimation/configuration_search/loss_histories/mlp_lag_112_hidden_512_layers_0_lr_0p01.npz,mlp,0,
600,129.40064786585367,600,129.40064786585367,141.90859985351562,512,112,0.0001,outputs/neural_spectral_estimation/configuration_search/loss_histories/mlp_lag_112_hidden_512_layers_0_lr_0p0001.npz,mlp,0,
600,130.79298780487804,600,130.79298780487804,142.3135986328125,512,112,1e-05,outputs/neural_spectral_estimation/configuration_search/loss_histories/mlp_lag_112_hidden_512_layers_1_lr_1em05.npz,mlp,1,
88,5.041004906631097,600,5.09633193597561,6.05087757243189e-13,512,112,0.02,outputs/neural_spectral_estimation/configuration_search/loss_histories/mlp_lag_112_hidden_512_layers_3_lr_0p02.npz,mlp,3,
52,4.785945836509146,600,5.024657607660061,3.1019278942320816e-13,512,112,0.002,outputs/neural_spectral_estimation/configuration_search/loss_histories/mlp_lag_112_hidden_512_layers_3_lr_0p002.npz,mlp,3,
57,5.206958603277439,600,5.647860494474085,0.01585625857114792,512,112,0.001,outputs/neural_spectral_estimation/configuration_search/loss_histories/mlp_lag_112_hidden_512_layers_3_lr_0p001.npz,mlp,3,
600,119.51457698170732,600,119.51457698170732,110.92330932617188,32,128,1e-05,outputs/neural_spectral_estimation/configuration_search/loss_histories/mlp_lag_128_hidden_32_layers_0_lr_1em05.npz,mlp,0,
53,4.4104283774771345,600,4.597877762957317,1.2107499247973608e-12,32,128,0.05,outputs/neural_spectral_estimation/configuration_search/loss_histories/mlp_lag_128_hidden_32_layers_1_lr_0p05.npz,mlp,1,
226,3.339805937976372,600,3.4304517792492377,1.1096153684775345e-07,32,128,0.1,outputs/neural_spectral_estimation/configuration_search/loss_histories/mlp_lag_128_hidden_32_layers_2_lr_0p1.npz,mlp,2,
600,7.856379811356708,600,7.856379811356708,8.750357665121555e-05,32,128,0.0007,outputs/neural_spectral_estimation/configuration_search/loss_histories/mlp_lag_128_hidden_32_layers_3_lr_0p0007.npz,mlp,3,
600,42.76306211890244,600,42.76306211890244,18.627426147460938,32,128,0.0001,outputs/neural_spectral_estimation/configuration_search/loss_histories/mlp_lag_128_hidden_32_layers_3_lr_0p0001.npz,mlp,3,
532,11.27208936737805,600,12.031486995045732,0.4775855839252472,32,128,0.2,outputs/neural_spectral_estimation/configuration_search/loss_histories/mlp_lag_128_hidden_32_layers_4_lr_0p2.npz,mlp,4,
182,5.159864472179878,600,5.231211890243903,7.689681069678045e-08,32,128,0.003,outputs/neural_spectral_estimation/configuration_search/loss_histories/mlp_lag_128_hidden_32_layers_4_lr_0p003.npz,mlp,4,
600,10.73883026867378,600,10.73883026867378,0.030645880848169327,32,128,0.0003,outputs/neural_spectral_estimation/configuration_search/loss_histories/mlp_lag_128_hidden_32_layers_4_lr_0p0003.npz,mlp,4,
600,0.7109519400247714,600,0.7109519400247714,0.41586923599243164,64,128,0.02,outputs/neural_spectral_estimation/configuration_search/loss_histories/mlp_lag_128_hidden_64_layers_0_lr_0p02.npz,mlp,0,
600,14.681165443978658,600,14.681165443978658,0.4766784906387329,64,128,0.0001,outputs/neural_spectral_estimation/configuration_search/loss_histories/mlp_lag_128_hidden_64_layers_3_lr_0p0001.npz,mlp,3,
292,9.20276474371189,600,9.202782607660062,4.612733806030889e-13,64,128,0.001,outputs/neural_spectral_estimation/configuration_search/loss_histories/mlp_lag_128_hidden_64_layers_4_lr_0p001.npz,mlp,4,
90,0.6622587622665778,600,0.6702790795302973,0.42731836438179016,128,128,0.2,outputs/neural_spectral_estimation/configuration_search/loss_histories/mlp_lag_128_hidden_128_layers_0_lr_0p2.npz,mlp,0,
600,8.822336485327744,600,8.822336485327744,0.003726145951077342,128,128,0.0007,outputs/neural_spectral_estimation/configuration_search/loss_histories/mlp_lag_128_hidden_128_layers_1_lr_0p0007.npz,mlp,1,
43,6.457475466844512,600,7.236181640625,5.035119456792136e-13,128,128,0.005,outputs/neural_spectral_estimation/configuration_search/loss_histories/mlp_lag_128_hidden_128_layers_3_lr_0p005.npz,mlp,3,
600,121.76376714939025,600,121.76376714939025,107.02611541748047,128,128,1e-05,outputs/neural_spectral_estimation/configuration_search/loss_histories/mlp_lag_128_hidden_128_layers_3_lr_1em05.npz,mlp,3,
32,6.35087890625,600,7.796885718368903,2.901201223703964e-10,128,128,0.002,outputs/neural_spectral_estimation/configuration_search/loss_histories/mlp_lag_128_hidden_128_layers_4_lr_0p002.npz,mlp,4,
48,7.150765767911586,600,8.927783203125,1.872075827691333e-09,128,128,0.001,outputs/neural_spectral_estimation/configuration_search/loss_histories/mlp_lag_128_hidden_128_layers_4_lr_0p001.npz,mlp,4,
600,38.4261504382622,600,38.4261504382622,17.189437866210938,256,128,0.0001,outputs/neural_spectral_estimation/configuration_search/loss_histories/mlp_lag_128_hidden_256_layers_1_lr_0p0001.npz,mlp,1,
66,9.075625238185976,600,10.24709532202744,8.389483241444395e-07,256,128,0.0003,outputs/neural_spectral_estimation/configuration_search/loss_histories/mlp_lag_128_hidden_256_layers_4_lr_0p0003.npz,mlp,4,
600,12.397457364710366,600,12.397457364710366,0.055172331631183624,256,128,3e-05,outputs/neural_spectral_estimation/configuration_search/loss_histories/mlp_lag_128_hidden_256_layers_4_lr_3em05.npz,mlp,4,
600,88.37762957317074,600,88.37762957317074,76.41671752929688,512,128,0.0005,outputs/neural_spectral_estimation/configuration_search/loss_histories/mlp_lag_128_hidden_512_layers_0_lr_0p0005.npz,mlp,0,
42,3.06344619378811,600,3.3316897508574694,3.922750796067631e-13,512,128,0.01,outputs/neural_spectral_estimation/configuration_search/loss_histories/mlp_lag_128_hidden_512_layers_1_lr_0p01.npz,mlp,1,
216,14.175712176067073,600,15.504561261432928,0.14029911160469055,512,128,0.05,outputs/neural_spectral_estimation/configuration_search/loss_histories/mlp_lag_128_hidden_512_layers_3_lr_0p05.npz,mlp,3,
125,5.252745093368903,600,5.2693049733231705,2.434162355187397e-13,512,128,0.002,outputs/neural_spectral_estimation/configuration_search/loss_histories/mlp_lag_128_hidden_512_layers_4_lr_0p002.npz,mlp,4,
237,4.133390696455793,600,4.570166015625,1.0933947974453573e-12,32,160,0.05,outputs/neural_spectral_estimation/configuration_search/loss_histories/mlp_lag_160_hidden_32_layers_2_lr_0p05.npz,mlp,2,
548,14.178494188262196,600,14.17896103277439,2.797506567731034e-05,32,160,0.0007,outputs/neural_spectral_estimation/configuration_search/loss_histories/mlp_lag_160_hidden_32_layers_2_lr_0p0007.npz,mlp,2,
600,14.056428639481707,600,14.056428639481707,0.0025390873197466135,32,160,0.0003,outputs/neural_spectral_estimation/configuration_search/loss_histories/mlp_lag_160_hidden_32_layers_3_lr_0p0003.npz,mlp,3,
127,0.1922915574980945,600,0.19324031922875382,0.10296368598937988,64,160,0.05,outputs/neural_spectral_estimation/configuration_search/loss_histories/mlp_lag_160_hidden_64_layers_0_lr_0p05.npz,mlp,0,
600,4.625535620712652,600,4.625535620712652,3.0676119327545166,64,160,0.005,outputs/neural_spectral_estimation/configuration_search/loss_histories/mlp_lag_160_hidden_64_layers_0_lr_0p005.npz,mlp,0,
600,56.39413109756097,600,56.39413109756097,52.99631118774414,64,160,0.0007,outputs/neural_spectral_estimation/configuration_search/loss_histories/mlp_lag_160_hidden_64_layers_0_lr_0p0007.npz,mlp,0,
194,5.372518102134146,600,5.409316644435975,6.766636946944904e-13,64,160,0.2,outputs/neural_spectral_estimation/configuration_search/loss_histories/mlp_lag_160_hidden_64_layers_1_lr_0p2.npz,mlp,1,
60,5.409658441310976,600,5.603150009527439,2.599931446349568e-13,64,160,0.02,outputs/neural_spectral_estimation/configuration_search/loss_histories/mlp_lag_160_hidden_64_layers_1_lr_0p02.npz,mlp,1,
599,25.049609375,600,26.392935403963413,1.8768023252487183,64,160,0.2,outputs/neural_spectral_estimation/configuration_search/loss_histories/mlp_lag_160_hidden_64_layers_2_lr_0p2.npz,mlp,2,
478,0.15602422574671304,600,0.15645122993283156,0.110275499522686,128,160,0.1,outputs/neural_spectral_estimation/configuration_search/loss_histories/mlp_lag_160_hidden_128_layers_0_lr_0p1.npz,mlp,0,
599,0.15645147184046304,600,0.15645152766530107,0.11027547717094421,128,160,0.02,outputs/neural_spectral_estimation/configuration_search/loss_histories/mlp_lag_160_hidden_128_layers_0_lr_0p02.npz,mlp,0,
600,56.34670826981707,600,56.34670826981707,39.584449768066406,128,160,0.001,outputs/neural_spectral_estimation/configuration_search/loss_histories/mlp_lag_160_hidden_128_layers_0_lr_0p001.npz,mlp,0,
36,7.4625065501143295,600,8.063308641387195,2.376647869391929e-13,128,160,0.01,outputs/neural_spectral_estimation/configuration_search/loss_histories/mlp_lag_160_hidden_128_layers_1_lr_0p01.npz,mlp,1,
600,94.10053353658536,600,94.10053353658536,78.07254791259766,128,160,3e-05,outputs/neural_spectral_estimation/configuration_search/loss_histories/mlp_lag_160_hidden_128_layers_1_lr_3em05.npz,mlp,1,
600,100.70467797256097,600,100.70467797256097,88.87889862060547,128,160,1e-05,outputs/neural_spectral_estimation/configuration_search/loss_histories/mlp_lag_160_hidden_128_layers_1_lr_1em05.npz,mlp,1,
600,17.05995617378049,600,17.05995617378049,0.08054833859205246,128,160,0.0001,outputs/neural_spectral_estimation/configuration_search/loss_histories/mlp_lag_160_hidden_128_layers_2_lr_0p0001.npz,mlp,2,
241,8.253369140625,600,8.865297494283537,5.534143564418781e-13,128,160,0.05,outputs/neural_spectral_estimation/configuration_search/loss_histories/mlp_lag_160_hidden_128_layers_4_lr_0p05.npz,mlp,4,
600,32.78080459222561,600,32.78080459222561,20.901371002197266,256,160,0.002,outputs/neural_spectral_estimation/configuration_search/loss_histories/mlp_lag_160_hidden_256_layers_0_lr_0p002.npz,mlp,0,
600,80.30780297256098,600,80.30780297256098,58.238555908203125,256,160,0.0005,outputs/neural_spectral_estimation/configuration_search/loss_histories/mlp_lag_160_hidden_256_layers_0_lr_0p0005.npz,mlp,0,
58,11.143142625762195,600,13.16480087652439,1.4464360156667133e-13,256,160,0.0005,outputs/neural_spectral_estimation/configuration_search/loss_histories/mlp_lag_160_hidden_256_layers_3_lr_0p0005.npz,mlp,3,
56,8.966056712080793,600,9.19188798113567,1.2311642861879274e-13,256,160,0.003,outputs/neural_spectral_estimation/configuration_search/loss_histories/mlp_lag_160_hidden_256_layers_4_lr_0p003.npz,mlp,4,
133,0.1542340348406536,600,0.1547412872314453,0.11095244437456131,512,160,0.05,outputs/neural_spectral_estimation/configuration_search/loss_histories/mlp_lag_160_hidden_512_layers_0_lr_0p05.npz,mlp,0,
600,68.49280201981708,600,68.49280201981708,72.00688934326172,512,160,0.0003,outputs/neural_spectral_estimation/configuration_search/loss_histories/mlp_lag_160_hidden_512_layers_0_lr_0p0003.npz,mlp,0,
600,79.78912442835366,600,79.78912442835366,86.82109832763672,512,160,0.0001,outputs/neural_spectral_estimation/configuration_search/loss_histories/mlp_lag_160_hidden_512_layers_0_lr_0p0001.npz,mlp,0,
135,57.1128144054878,600,65.70057641006098,2.3564395904541016,16,16,0.02,outputs/neural_spectral_estimation/configuration_search/loss_histories/lstm_lag_16_hidden_16_layers_2_lr_0p02.npz,lstm,,2
169,38.50086223323171,600,103.6101943597561,71.72634887695312,32,16,0.1,outputs/neural_spectral_estimation/configuration_search/loss_histories/lstm_lag_16_hidden_32_layers_1_lr_0p1.npz,lstm,,1
150,59.113424161585364,600,69.97102705792683,10.379913330078125,32,16,0.005,outputs/neural_spectral_estimation/configuration_search/loss_histories/lstm_lag_16_hidden_32_layers_1_lr_0p005.npz,lstm,,1
436,64.70932259908537,600,68.74901867378048,6.611233711242676,32,16,0.002,outputs/neural_spectral_estimation/configuration_search/loss_histories/lstm_lag_16_hidden_32_layers_3_lr_0p002.npz,lstm,,3
374,57.977248475609755,600,62.77865853658537,17.91620635986328,48,16,0.001,outputs/neural_spectral_estimation/configuration_search/loss_histories/lstm_lag_16_hidden_48_layers_1_lr_0p001.npz,lstm,,1
590,43.67056021341463,600,44.84381669207317,4.393610954284668,96,16,0.0007,outputs/neural_spectral_estimation/configuration_search/loss_histories/lstm_lag_16_hidden_96_layers_2_lr_0p0007.npz,lstm,,2
2,116.66366234756097,600,117.91209984756098,115.66771697998047,128,16,0.2,outputs/neural_spectral_estimation/configuration_search/loss_histories/lstm_lag_16_hidden_128_layers_3_lr_0p2.npz,lstm,,3
5,117.66096608231707,600,117.90459222560976,115.66771697998047,128,16,0.05,outputs/neural_spectral_estimation/configuration_search/loss_histories/lstm_lag_16_hidden_128_layers_3_lr_0p05.npz,lstm,,3
241,33.322194169207314,600,33.429001524390245,0.018946344032883644,128,16,0.01,outputs/neural_spectral_estimation/configuration_search/loss_histories/lstm_lag_16_hidden_128_layers_3_lr_0p01.npz,lstm,,3
171,45.13646150914634,600,48.777177019817074,0.003541576210409403,128,16,0.003,outputs/neural_spectral_estimation/configuration_search/loss_histories/lstm_lag_16_hidden_128_layers_3_lr_0p003.npz,lstm,,3
245,120.54796112804878,600,138.38628048780487,128.48275756835938,16,32,0.2,outputs/neural_spectral_estimation/configuration_search/loss_histories/lstm_lag_32_hidden_16_layers_1_lr_0p2.npz,lstm,,1
588,60.52621951219512,600,61.404192073170734,51.11065673828125,16,32,0.0007,outputs/neural_spectral_estimation/configuration_search/loss_histories/lstm_lag_32_hidden_16_layers_2_lr_0p0007.npz,lstm,,2
570,17.70059070121951,600,19.165096227134146,3.648296356201172,32,32,0.01,outputs/neural_spectral_estimation/configuration_search/loss_histories/lstm_lag_32_hidden_32_layers_2_lr_0p01.npz,lstm,,2
580,34.54929735137195,600,37.20376810213415,6.351946830749512,48,32,0.002,outputs/neural_spectral_estimation/configuration_search/loss_histories/lstm_lag_32_hidden_48_layers_3_lr_0p002.npz,lstm,,3
574,27.01717559070122,600,27.635768387957317,1.8101413249969482,64,32,0.003,outputs/neural_spectral_estimation/configuration_search/loss_histories/lstm_lag_32_hidden_64_layers_2_lr_0p003.npz,lstm,,2
339,10.953020198170732,600,11.45086699695122,0.005072014406323433,64,32,0.02,outputs/neural_spectral_estimation/configuration_search/loss_histories/lstm_lag_32_hidden_64_layers_3_lr_0p02.npz,lstm,,3
600,9.457735089557927,600,9.457735089557927,0.7523141503334045,96,32,0.005,outputs/neural_spectral_estimation/configuration_search/loss_histories/lstm_lag_32_hidden_96_layers_1_lr_0p005.npz,lstm,,1
53,140.41485327743902,600,215.5673018292683,29.92791748046875,96,32,0.05,outputs/neural_spectral_estimation/configuration_search/loss_histories/lstm_lag_32_hidden_96_layers_3_lr_0p05.npz,lstm,,3
600,14.808475847942074,600,14.808475847942074,3.7753849029541016,128,32,0.001,outputs/neural_spectral_estimation/configuration_search/loss_histories/lstm_lag_32_hidden_128_layers_1_lr_0p001.npz,lstm,,1
32,143.4697599085366,600,143.84615091463414,145.8041229248047,128,32,0.1,outputs/neural_spectral_estimation/configuration_search/loss_histories/lstm_lag_32_hidden_128_layers_3_lr_0p1.npz,lstm,,3
593,13.425588319359756,600,14.77419969512195,12.17668342590332,16,48,0.002,outputs/neural_spectral_estimation/configuration_search/loss_histories/lstm_lag_48_hidden_16_layers_2_lr_0p002.npz,lstm,,2
600,6.827723061166158,600,6.827723061166158,3.402334451675415,32,48,0.01,outputs/neural_spectral_estimation/configuration_search/loss_histories/lstm_lag_48_hidden_32_layers_2_lr_0p01.npz,lstm,,2
596,16.059115377286584,600,16.41967892530488,10.624588012695312,32,48,0.001,outputs/neural_spectral_estimation/configuration_search/loss_histories/lstm_lag_48_hidden_32_layers_2_lr_0p001.npz,lstm,,2
503,69.6780868902439,600,114.07104611280488,109.94420623779297,48,48,0.02,outputs/neural_spectral_estimation/configuration_search/loss_histories/lstm_lag_48_hidden_48_layers_1_lr_0p02.npz,lstm,,1
26,117.5290586890244,600,117.96568216463415,116.2079849243164,48,48,0.2,outputs/neural_spectral_estimation/configuration_search/loss_histories/lstm_lag_48_hidden_48_layers_3_lr_0p2.npz,lstm,,3
599,14.482353991996952,600,15.06947646722561,12.256575584411621,64,48,0.0007,outputs/neural_spectral_estimation/configuration_search/loss_histories/lstm_lag_48_hidden_64_layers_1_lr_0p0007.npz,lstm,,1
590,6.825502572408537,600,7.889325695503048,1.7098166942596436,64,48,0.003,outputs/neural_spectral_estimation/configuration_search/loss_histories/lstm_lag_48_hidden_64_layers_3_lr_0p003.npz,lstm,,3
583,5.778965796493902,600,8.21633836699695,9.788409233093262,96,48,0.005,outputs/neural_spectral_estimation/configuration_search/loss_histories/lstm_lag_48_hidden_96_layers_1_lr_0p005.npz,lstm,,1
362,91.93229801829268,600,99.97835365853659,113.79033660888672,96,48,0.05,outputs/neural_spectral_estimation/configuration_search/loss_histories/lstm_lag_48_hidden_96_layers_2_lr_0p05.npz,lstm,,2
2,113.75744092987804,600,114.8192168445122,117.00901794433594,128,48,0.1,outputs/neural_spectral_estimation/configuration_search/loss_histories/lstm_lag_48_hidden_128_layers_2_lr_0p1.npz,lstm,,2
600,26.732924447408536,600,26.732924447408536,21.17084503173828,16,64,0.002,outputs/neural_spectral_estimation/configuration_search/loss_histories/lstm_lag_64_hidden_16_layers_1_lr_0p002.npz,lstm,,1
600,23.060327743902437,600,23.060327743902437,22.498193740844727,16,64,0.0007,outputs/neural_spectral_estimation/configuration_search/loss_histories/lstm_lag_64_hidden_16_layers_2_lr_0p0007.npz,lstm,,2
15,83.3195693597561,600,83.35289634146342,78.580322265625,16,64,0.2,outputs/neural_spectral_estimation/configuration_search/loss_histories/lstm_lag_64_hidden_16_layers_3_lr_0p2.npz,lstm,,3
36,74.70064786585365,600,83.6013719512195,77.84974670410156,32,64,0.02,outputs/neural_spectral_estimation/configuration_search/loss_histories/lstm_lag_64_hidden_32_layers_1_lr_0p02.npz,lstm,,1
514,79.62525724085366,600,83.53147865853659,78.5805892944336,32,64,0.05,outputs/neural_spectral_estimation/configuration_search/loss_histories/lstm_lag_64_hidden_32_layers_3_lr_0p05.npz,lstm,,3
560,11.344447884908536,600,11.754255192454268,5.613125324249268,32,64,0.003,outputs/neural_spectral_estimation/configuration_search/loss_histories/lstm_lag_64_hidden_32_layers_3_lr_0p003.npz,lstm,,3
233,64.81739710365854,600,85.70068597560976,75.9497299194336,48,64,0.1,outputs/neural_spectral_estimation/configuration_search/loss_histories/lstm_lag_64_hidden_48_layers_1_lr_0p1.npz,lstm,,1
596,6.99740615472561,600,7.049272937309452,2.897083044052124,48,64,0.005,outputs/neural_spectral_estimation/configuration_search/loss_histories/lstm_lag_64_hidden_48_layers_3_lr_0p005.npz,lstm,,3
597,5.602949933307927,600,5.903295302972561,0.2854476571083069,128,64,0.01,outputs/neural_spectral_estimation/configuration_search/loss_histories/lstm_lag_64_hidden_128_layers_1_lr_0p01.npz,lstm,,1
600,5.914842559070122,600,5.914842559070122,5.128657817840576,128,64,0.001,outputs/neural_spectral_estimation/configuration_search/loss_histories/lstm_lag_64_hidden_128_layers_2_lr_0p001.npz,lstm,,2
338,109.25417301829269,600,155.2352705792683,148.1868133544922,16,80,0.05,outputs/neural_spectral_estimation/configuration_search/loss_histories/lstm_lag_80_hidden_16_layers_2_lr_0p05.npz,lstm,,2
597,22.39245426829268,600,22.695467320884145,21.306968688964844,48,80,0.001,outputs/neural_spectral_estimation/configuration_search/loss_histories/lstm_lag_80_hidden_48_layers_1_lr_0p001.npz,lstm,,1
301,104.79174923780488,600,152.76364329268293,152.22752380371094,48,80,0.02,outputs/neural_spectral_estimation/configuration_search/loss_histories/lstm_lag_80_hidden_48_layers_2_lr_0p02.npz,lstm,,2
596,22.224954744664632,600,22.33344607469512,12.732513427734375,64,80,0.0007,outputs/neural_spectral_estimation/configuration_search/loss_histories/lstm_lag_80_hidden_64_layers_2_lr_0p0007.npz,lstm,,2
6,192.25266768292684,600,193.14939024390245,166.4964599609375,64,80,0.2,outputs/neural_spectral_estimation/configuration_search/loss_histories/lstm_lag_80_hidden_64_layers_3_lr_0p2.npz,lstm,,3
390,22.966434832317074,600,67.93512290396342,71.78401184082031,96,80,0.005,outputs/neural_spectral_estimation/configuration_search/loss_histories/lstm_lag_80_hidden_96_layers_1_lr_0p005.npz,lstm,,1
596,13.097867044588414,600,17.717342320884146,12.194297790527344,96,80,0.002,outputs/neural_spectral_estimation/configuration_search/loss_histories/lstm_lag_80_hidden_96_layers_3_lr_0p002.npz,lstm,,3
433,105.26385289634146,600,171.4802782012195,162.18211364746094,128,80,0.01,outputs/neural_spectral_estimation/configuration_search/loss_histories/lstm_lag_80_hidden_128_layers_1_lr_0p01.npz,lstm,,1
193,161.18591844512196,600,205.75625,80.12006378173828,128,80,0.1,outputs/neural_spectral_estimation/configuration_search/loss_histories/lstm_lag_80_hidden_128_layers_2_lr_0p1.npz,lstm,,2
510,20.589133955792683,600,20.960751714939025,16.144996643066406,128,80,0.003,outputs/neural_spectral_estimation/configuration_search/loss_histories/lstm_lag_80_hidden_128_layers_2_lr_0p003.npz,lstm,,2
596,67.45477324695122,600,67.56215701219512,62.203147888183594,16,96,0.0007,outputs/neural_spectral_estimation/configuration_search/loss_histories/lstm_lag_96_hidden_16_layers_2_lr_0p0007.npz,lstm,,2
600,18.915186737804877,600,18.915186737804877,18.14443588256836,32,96,0.005,outputs/neural_spectral_estimation/configuration_search/loss_histories/lstm_lag_96_hidden_32_layers_1_lr_0p005.npz,lstm,,1
593,12.740410632621952,600,13.588059737042682,4.287182807922363,48,96,0.003,outputs/neural_spectral_estimation/configuration_search/loss_histories/lstm_lag_96_hidden_48_layers_3_lr_0p003.npz,lstm,,3
32,97.77004573170731,600,97.81266196646341,89.54010772705078,64,96,0.2,outputs/neural_spectral_estimation/configuration_search/loss_histories/lstm_lag_96_hidden_64_layers_2_lr_0p2.npz,lstm,,2
442,5.077399723704269,600,5.205610470655488,0.0009626198443584144,64,96,0.02,outputs/neural_spectral_estimation/configuration_search/loss_histories/lstm_lag_96_hidden_64_layers_3_lr_0p02.npz,lstm,,3
244,37.476064691310974,600,97.80853658536586,89.5380630493164,64,96,0.002,outputs/neural_spectral_estimation/configuration_search/loss_histories/lstm_lag_96_hidden_64_layers_3_lr_0p002.npz,lstm,,3
89,70.76864996189025,600,84.00260099085367,92.15966033935547,96,96,0.01,outputs/neural_spectral_estimation/configuration_search/loss_histories/lstm_lag_96_hidden_96_layers_1_lr_0p01.npz,lstm,,1
10,79.7341796875,600,98.30106707317073,54.3449592590332,128,96,0.05,outputs/neural_spectral_estimation/configuration_search/loss_histories/lstm_lag_96_hidden_128_layers_2_lr_0p05.npz,lstm,,2
76,80.22242759146341,600,80.22276105182927,93.94084167480469,128,96,0.1,outputs/neural_spectral_estimation/configuration_search/loss_histories/lstm_lag_96_hidden_128_layers_3_lr_0p1.npz,lstm,,3
564,22.88853849085366,600,25.533103086890243,15.1560697555542,128,96,0.001,outputs/neural_spectral_estimation/configuration_search/loss_histories/lstm_lag_96_hidden_128_layers_3_lr_0p001.npz,lstm,,3
600,72.85846989329268,600,72.85846989329268,82.87997436523438,16,112,0.003,outputs/neural_spectral_estimation/configuration_search/loss_histories/lstm_lag_112_hidden_16_layers_1_lr_0p003.npz,lstm,,1
600,62.09455030487805,600,62.09455030487805,64.57347869873047,16,112,0.001,outputs/neural_spectral_estimation/configuration_search/loss_histories/lstm_lag_112_hidden_16_layers_2_lr_0p001.npz,lstm,,2
109,130.31060403963414,600,140.3094893292683,148.45431518554688,48,112,0.2,outputs/neural_spectral_estimation/configuration_search/loss_histories/lstm_lag_112_hidden_48_layers_2_lr_0p2.npz,lstm,,2
107,132.87120807926829,600,139.09124428353658,152.14443969726562,48,112,0.1,outputs/neural_spectral_estimation/configuration_search/loss_histories/lstm_lag_112_hidden_48_layers_2_lr_0p1.npz,lstm,,2
526,96.25581173780488,600,144.83162157012194,149.0177764892578,64,112,0.005,outputs/neural_spectral_estimation/configuration_search/loss_histories/lstm_lag_112_hidden_64_layers_1_lr_0p005.npz,lstm,,1
525,123.51873094512194,600,143.76290967987805,146.9822540283203,64,112,0.05,outputs/neural_spectral_estimation/configuration_search/loss_histories/lstm_lag_112_hidden_64_layers_2_lr_0p05.npz,lstm,,2
4,130.32734375,600,163.62970655487806,22.674718856811523,96,112,0.02,outputs/neural_spectral_estimation/configuration_search/loss_histories/lstm_lag_112_hidden_96_layers_1_lr_0p02.npz,lstm,,1
577,88.78387957317074,600,104.80838414634147,65.77043151855469,96,112,0.0007,outputs/neural_spectral_estimation/configuration_search/loss_histories/lstm_lag_112_hidden_96_layers_3_lr_0p0007.npz,lstm,,3
433,42.35146722560975,600,170.87408536585366,144.29888916015625,128,112,0.002,outputs/neural_spectral_estimation/configuration_search/loss_histories/lstm_lag_112_hidden_128_layers_1_lr_0p002.npz,lstm,,1
600,94.47814405487804,600,94.47814405487804,65.66048431396484,128,112,0.01,outputs/neural_spectral_estimation/configuration_search/loss_histories/lstm_lag_112_hidden_128_layers_3_lr_0p01.npz,lstm,,3
598,37.75447789634146,600,38.38623761432927,33.45557403564453,32,128,0.0007,outputs/neural_spectral_estimation/configuration_search/loss_histories/lstm_lag_128_hidden_32_layers_1_lr_0p0007.npz,lstm,,1
397,112.76141387195122,600,122.73352705792684,79.31366729736328,32,128,0.02,outputs/neural_spectral_estimation/configuration_search/loss_histories/lstm_lag_128_hidden_32_layers_2_lr_0p02.npz,lstm,,2
8,121.00100990853659,600,121.8866044207317,113.21113586425781,32,128,0.2,outputs/neural_spectral_estimation/configuration_search/loss_histories/lstm_lag_128_hidden_32_layers_3_lr_0p2.npz,lstm,,3
104,88.80502096036585,600,135.84559832317072,50.525245666503906,48,128,0.1,outputs/neural_spectral_estimation/configuration_search/loss_histories/lstm_lag_128_hidden_48_layers_2_lr_0p1.npz,lstm,,2
559,47.75725990853658,600,57.07022675304878,44.62543487548828,64,128,0.002,outputs/neural_spectral_estimation/configuration_search/loss_histories/lstm_lag_128_hidden_64_layers_2_lr_0p002.npz,lstm,,2
598,14.933827172256098,600,16.735043111661586,11.179403305053711,64,128,0.001,outputs/neural_spectral_estimation/configuration_search/loss_histories/lstm_lag_128_hidden_64_layers_2_lr_0p001.npz,lstm,,2
560,55.05188166920732,600,67.30106230945123,31.725189208984375,96,128,0.003,outputs/neural_spectral_estimation/configuration_search/loss_histories/lstm_lag_128_hidden_96_layers_3_lr_0p003.npz,lstm,,3
278,83.99635099085366,600,124.2210556402439,108.69609069824219,128,128,0.01,outputs/neural_spectral_estimation/configuration_search/loss_histories/lstm_lag_128_hidden_128_layers_1_lr_0p01.npz,lstm,,1
511,116.59254954268293,600,121.56768292682926,104.57747650146484,128,128,0.05,outputs/neural_spectral_estimation/configuration_search/loss_histories/lstm_lag_128_hidden_128_layers_2_lr_0p05.npz,lstm,,2
600,17.998227896341465,600,17.998227896341465,7.83494758605957,128,128,0.005,outputs/neural_spectral_estimation/configuration_search/loss_histories/lstm_lag_128_hidden_128_layers_2_lr_0p005.npz,lstm,,2
166,85.2430068597561,600,92.97607660060976,94.72160339355469,32,160,0.1,outputs/neural_spectral_estimation/configuration_search/loss_histories/lstm_lag_160_hidden_32_layers_1_lr_0p1.npz,lstm,,1
569,89.03115472560975,600,89.8164443597561,93.64957427978516,32,160,0.002,outputs/neural_spectral_estimation/configuration_search/loss_histories/lstm_lag_160_hidden_32_layers_1_lr_0p002.npz,lstm,,1
146,34.74132050304878,600,93.41976943597561,94.97144317626953,32,160,0.02,outputs/neural_spectral_estimation/configuration_search/loss_histories/lstm_lag_160_hidden_32_layers_3_lr_0p02.npz,lstm,,3
258,49.458608041158534,600,104.07848704268292,87.07381439208984,48,160,0.003,outputs/neural_spectral_estimation/configuration_search/loss_histories/lstm_lag_160_hidden_48_layers_2_lr_0p003.npz,lstm,,2
600,12.379356421493902,600,12.379356421493902,0.6689140200614929,48,160,0.01,outputs/neural_spectral_estimation/configuration_search/loss_histories/lstm_lag_160_hidden_48_layers_3_lr_0p01.npz,lstm,,3
115,83.20423971036585,600,104.60752667682927,91.50211334228516,48,160,0.005,outputs/neural_spectral_estimation/configuration_search/loss_histories/lstm_lag_160_hidden_48_layers_3_lr_0p005.npz,lstm,,3
520,57.83810499237805,600,85.19151105182927,97.0661849975586,64,160,0.0007,outputs/neural_spectral_estimation/configuration_search/loss_histories/lstm_lag_160_hidden_64_layers_2_lr_0p0007.npz,lstm,,2
43,97.35839367378048,600,99.16340510670732,93.62519073486328,96,160,0.2,outputs/neural_spectral_estimation/configuration_search/loss_histories/lstm_lag_160_hidden_96_layers_2_lr_0p2.npz,lstm,,2
551,99.51126143292683,600,100.14651295731707,86.09667205810547,128,160,0.001,outputs/neural_spectral_estimation/configuration_search/loss_histories/lstm_lag_160_hidden_128_layers_1_lr_0p001.npz,lstm,,1
467,99.81885480182927,600,104.49833269817073,89.5386962890625,128,160,0.05,outputs/neural_spectral_estimation/configuration_search/loss_histories/lstm_lag_160_hidden_128_layers_2_lr_0p05.npz,lstm,,2
